-- phpMyAdmin SQL Dump
-- version 3.0.1
-- http://www.phpmyadmin.net
--
-- Servidor: localhost
-- Tempo de Geração: Dez 04, 2016 as 04:11 PM
-- Versão do Servidor: 5.0.51
-- Versão do PHP: 5.2.5

SET SQL_MODE="NO_AUTO_VALUE_ON_ZERO";


/*!40101 SET @OLD_CHARACTER_SET_CLIENT=@@CHARACTER_SET_CLIENT */;
/*!40101 SET @OLD_CHARACTER_SET_RESULTS=@@CHARACTER_SET_RESULTS */;
/*!40101 SET @OLD_COLLATION_CONNECTION=@@COLLATION_CONNECTION */;
/*!40101 SET NAMES utf8 */;

--
-- Banco de Dados: `powermedia`
--

-- --------------------------------------------------------

--
-- Estrutura da tabela `config`
--

CREATE TABLE IF NOT EXISTS `config` (
  `cd` int(10) unsigned NOT NULL auto_increment,
  `chave` varchar(255) NOT NULL default '',
  `valor` varchar(255) NOT NULL default '',
  PRIMARY KEY  (`cd`)
) ENGINE=MyISAM  DEFAULT CHARSET=latin1 AUTO_INCREMENT=13 ;

--
-- Extraindo dados da tabela `config`
--

INSERT INTO `config` (`cd`, `chave`, `valor`) VALUES
(1, 'senha', '123456'),
(2, 'pixel_w_catalogo', '130'),
(3, 'capas_linha_catalogo', '5'),
(4, 'tamanho_fonte_catalogo', '12'),
(5, 'linhas_pagina_catalogo', '7'),
(6, 'pixel_w_etiqueta', '88'),
(7, 'pixel_h_etiqueta', '58'),
(8, 'tamanho_fonte_etiqueta', '10'),
(9, 'limite_caracteres_etiqueta', '50'),
(10, 'etiquetas_linha', '7'),
(11, 'linhas_pagina_etiqueta', '18'),
(12, 'espacamento_etiquetas', '6');

-- --------------------------------------------------------

--
-- Estrutura da tabela `historico_catalogo`
--

CREATE TABLE IF NOT EXISTS `historico_catalogo` (
  `id_titulo` int(11) unsigned NOT NULL,
  `id_tipo_media` int(10) unsigned NOT NULL
) ENGINE=MyISAM DEFAULT CHARSET=latin1;

--
-- Extraindo dados da tabela `historico_catalogo`
--

INSERT INTO `historico_catalogo` (`id_titulo`, `id_tipo_media`) VALUES
(943, 4),
(944, 4),
(945, 4),
(946, 4),
(947, 4),
(948, 4),
(949, 4),
(950, 4),
(951, 4),
(952, 4),
(953, 4),
(954, 4),
(955, 4),
(956, 4),
(957, 4),
(958, 4),
(959, 4),
(960, 4),
(961, 4),
(962, 4),
(963, 4),
(964, 4),
(965, 4),
(966, 4),
(967, 4),
(968, 4),
(969, 4),
(970, 4),
(971, 4),
(972, 4),
(973, 4),
(975, 4),
(974, 4),
(976, 4),
(977, 4),
(978, 4),
(981, 4),
(979, 4),
(980, 4);

-- --------------------------------------------------------

--
-- Estrutura da tabela `tipo_media`
--

CREATE TABLE IF NOT EXISTS `tipo_media` (
  `id_tipo_media` int(10) unsigned NOT NULL auto_increment,
  `nome_tipo_media` varchar(255) NOT NULL default '',
  `pixel_w` varchar(5) NOT NULL default '',
  `pixel_h` varchar(5) NOT NULL default '',
  PRIMARY KEY  (`id_tipo_media`),
  UNIQUE KEY `nome_tipo_media_2` (`nome_tipo_media`),
  KEY `nome_tipo_media` (`nome_tipo_media`)
) ENGINE=MyISAM  DEFAULT CHARSET=latin1 AUTO_INCREMENT=5 ;

--
-- Extraindo dados da tabela `tipo_media`
--

INSERT INTO `tipo_media` (`id_tipo_media`, `nome_tipo_media`, `pixel_w`, `pixel_h`) VALUES
(1, 'DVDs Infantis', '1024', '688'),
(2, 'DVDs Musicais', '1024', '688'),
(3, 'CDs Musicais', '900', '448'),
(4, 'DVDs Porn?s', '1024', '688');

-- --------------------------------------------------------

--
-- Estrutura da tabela `titulos`
--

CREATE TABLE IF NOT EXISTS `titulos` (
  `id_titulo` int(10) unsigned NOT NULL auto_increment,
  `nome_titulo` varchar(255) NOT NULL default '',
  `info_titulo` text NOT NULL,
  `img_titulo` varchar(255) NOT NULL default '',
  `ordem_capa_titulo` char(1) NOT NULL default 'n',
  `id_tipo_media` int(10) unsigned NOT NULL default '0',
  PRIMARY KEY  (`id_titulo`)
) ENGINE=MyISAM  DEFAULT CHARSET=latin1 AUTO_INCREMENT=982 ;

--
-- Extraindo dados da tabela `titulos`
--

INSERT INTO `titulos` (`id_titulo`, `nome_titulo`, `info_titulo`, `img_titulo`, `ordem_capa_titulo`, `id_tipo_media`) VALUES
(1, 'Um DVD Qualquer', '', 'capas/00000000001.jpg', 'i', 2),
(2, 'Um DVD Qualquer', '', 'capas/00000000001.jpg', 'i', 2),
(3, 'Um DVD Qualquer', '', 'capas/00000000001.jpg', 'i', 2),
(4, 'Um DVD Qualquer', '', 'capas/00000000001.jpg', 'i', 2),
(5, 'Um DVD Qualquer', '', 'capas/00000000001.jpg', 'i', 2),
(6, 'Um DVD Qualquer', '', 'capas/00000000001.jpg', 'i', 2),
(7, 'Um DVD Qualquer', '', 'capas/00000000001.jpg', 'i', 2),
(8, 'Um DVD Qualquer', '', 'capas/00000000001.jpg', 'i', 2),
(9, 'Um DVD Qualquer', '', 'capas/00000000001.jpg', 'i', 2),
(10, 'Um DVD Qualquer', '', 'capas/00000000001.jpg', 'i', 2),
(11, 'Um DVD Qualquer', '', 'capas/00000000001.jpg', 'i', 2),
(12, 'Um DVD Qualquer', '', 'capas/00000000001.jpg', 'i', 2),
(13, 'Um DVD Qualquer', '', 'capas/00000000001.jpg', 'i', 2),
(14, 'Um DVD Qualquer', '', 'capas/00000000001.jpg', 'i', 2),
(15, 'Um DVD Qualquer', '', 'capas/00000000001.jpg', 'i', 2),
(16, 'Um DVD Qualquer', '', 'capas/00000000001.jpg', 'i', 2),
(17, 'Um DVD Qualquer', '', 'capas/00000000001.jpg', 'i', 2),
(18, 'Um DVD Qualquer', '', 'capas/00000000001.jpg', 'i', 2),
(19, 'Um DVD Qualquer', '', 'capas/00000000001.jpg', 'i', 2),
(20, 'Um DVD Qualquer', '', 'capas/00000000001.jpg', 'i', 2),
(21, 'Um DVD Qualquer', '', 'capas/00000000001.jpg', 'i', 2),
(22, 'Um DVD Qualquer', '', 'capas/00000000001.jpg', 'i', 2),
(23, 'Um DVD Qualquer', '', 'capas/00000000001.jpg', 'i', 2),
(24, 'Um DVD Qualquer', '', 'capas/00000000001.jpg', 'i', 2),
(25, 'Um DVD Qualquer', '', 'capas/00000000001.jpg', 'i', 2),
(26, 'Um DVD Qualquer', '', 'capas/00000000001.jpg', 'i', 2),
(27, 'Um DVD Qualquer', '', 'capas/00000000001.jpg', 'i', 2),
(28, 'Um DVD Qualquer', '', 'capas/00000000001.jpg', 'i', 2),
(29, 'Um DVD Qualquer', '', 'capas/00000000001.jpg', 'i', 2),
(30, 'Um DVD Qualquer', '', 'capas/00000000001.jpg', 'i', 2),
(31, 'Um DVD Qualquer', '', 'capas/00000000001.jpg', 'i', 2),
(32, 'Um DVD Qualquer', '', 'capas/00000000001.jpg', 'i', 2),
(33, 'Um DVD Qualquer', '', 'capas/00000000001.jpg', 'i', 2),
(34, 'Um DVD Qualquer', '', 'capas/00000000001.jpg', 'i', 2),
(35, 'Um DVD Qualquer', '', 'capas/00000000001.jpg', 'i', 2),
(36, 'Um DVD Qualquer', '', 'capas/00000000001.jpg', 'i', 2),
(37, 'Um DVD Qualquer', '', 'capas/00000000001.jpg', 'i', 2),
(38, 'Um DVD Qualquer', '', 'capas/00000000001.jpg', 'i', 2),
(39, 'Um DVD Qualquer', '', 'capas/00000000001.jpg', 'i', 2),
(40, 'Um DVD Qualquer', '', 'capas/00000000001.jpg', 'i', 2),
(41, 'Um DVD Qualquer', '', 'capas/00000000001.jpg', 'i', 2),
(42, 'Um DVD Qualquer', '', 'capas/00000000001.jpg', 'i', 2),
(43, 'Um DVD Qualquer', '', 'capas/00000000001.jpg', 'i', 2),
(44, 'Um DVD Qualquer', '', 'capas/00000000001.jpg', 'i', 2),
(45, 'Um DVD Qualquer', '', 'capas/00000000001.jpg', 'i', 2),
(46, 'Um DVD Qualquer', '', 'capas/00000000001.jpg', 'i', 2),
(47, 'Um DVD Qualquer', '', 'capas/00000000001.jpg', 'i', 2),
(48, 'Um DVD Qualquer', '', 'capas/00000000001.jpg', 'i', 2),
(49, 'Um DVD Qualquer', '', 'capas/00000000001.jpg', 'i', 2),
(50, 'Um DVD Qualquer', '', 'capas/00000000001.jpg', 'i', 2),
(51, 'Um DVD Qualquer', '', 'capas/00000000001.jpg', 'i', 2),
(52, 'Um DVD Qualquer', '', 'capas/00000000001.jpg', 'i', 2),
(53, 'Um DVD Qualquer', '', 'capas/00000000001.jpg', 'i', 2),
(54, 'Um DVD Qualquer', '', 'capas/00000000001.jpg', 'i', 2),
(55, 'Um DVD Qualquer', '', 'capas/00000000001.jpg', 'i', 2),
(56, 'Um DVD Qualquer', '', 'capas/00000000001.jpg', 'i', 2),
(57, 'Um DVD Qualquer', '', 'capas/00000000001.jpg', 'i', 2),
(58, 'Um DVD Qualquer', '', 'capas/00000000001.jpg', 'i', 2),
(59, 'Um DVD Qualquer', '', 'capas/00000000001.jpg', 'i', 2),
(60, 'Um DVD Qualquer', '', 'capas/00000000001.jpg', 'i', 2),
(61, 'Um DVD Qualquer', '', 'capas/00000000001.jpg', 'i', 2),
(62, 'Um DVD Qualquer', '', 'capas/00000000001.jpg', 'i', 2),
(63, 'Um DVD Qualquer', '', 'capas/00000000001.jpg', 'i', 2),
(64, 'Um DVD Qualquer', '', 'capas/00000000001.jpg', 'i', 2),
(65, 'Um DVD Qualquer', '', 'capas/00000000001.jpg', 'i', 2),
(66, 'Um DVD Qualquer', '', 'capas/00000000001.jpg', 'i', 2),
(67, 'Um DVD Qualquer', '', 'capas/00000000001.jpg', 'i', 2),
(68, 'Um DVD Qualquer', '', 'capas/00000000001.jpg', 'i', 2),
(69, 'Um DVD Qualquer', '', 'capas/00000000001.jpg', 'i', 2),
(70, 'Um DVD Qualquer', '', 'capas/00000000001.jpg', 'i', 2),
(71, 'Um DVD Qualquer', '', 'capas/00000000001.jpg', 'i', 2),
(72, 'Um DVD Qualquer', '', 'capas/00000000001.jpg', 'i', 2),
(73, 'Um DVD Qualquer', '', 'capas/00000000001.jpg', 'i', 2),
(74, 'Um DVD Qualquer', '', 'capas/00000000001.jpg', 'i', 2),
(75, 'Um DVD Qualquer', '', 'capas/00000000001.jpg', 'i', 2),
(76, 'Um DVD Qualquer', '', 'capas/00000000001.jpg', 'i', 2),
(77, 'Um DVD Qualquer', '', 'capas/00000000001.jpg', 'i', 2),
(78, 'Um DVD Qualquer', '', 'capas/00000000001.jpg', 'i', 2),
(79, 'Um DVD Qualquer', '', 'capas/00000000001.jpg', 'i', 2),
(80, 'Um DVD Qualquer', '', 'capas/00000000001.jpg', 'i', 2),
(81, 'Um DVD Qualquer', '', 'capas/00000000001.jpg', 'i', 2),
(82, 'Um DVD Qualquer', '', 'capas/00000000001.jpg', 'i', 2),
(83, 'Um DVD Qualquer', '', 'capas/00000000001.jpg', 'i', 2),
(84, 'Um DVD Qualquer', '', 'capas/00000000001.jpg', 'i', 2),
(85, 'Um DVD Qualquer', '', 'capas/00000000001.jpg', 'i', 2),
(86, 'Um DVD Qualquer', '', 'capas/00000000001.jpg', 'i', 2),
(87, 'Um DVD Qualquer', '', 'capas/00000000001.jpg', 'i', 2),
(88, 'Um DVD Qualquer', '', 'capas/00000000001.jpg', 'i', 2),
(89, 'Um DVD Qualquer', '', 'capas/00000000001.jpg', 'i', 2),
(90, 'Um DVD Qualquer', '', 'capas/00000000001.jpg', 'i', 2),
(91, 'Um DVD Qualquer', '', 'capas/00000000001.jpg', 'i', 2),
(92, 'Um DVD Qualquer', '', 'capas/00000000001.jpg', 'i', 2),
(93, 'Um DVD Qualquer', '', 'capas/00000000001.jpg', 'i', 2),
(94, 'Um DVD Qualquer', '', 'capas/00000000001.jpg', 'i', 2),
(95, 'Um DVD Qualquer', '', 'capas/00000000001.jpg', 'i', 2),
(96, 'Um DVD Qualquer', '', 'capas/00000000001.jpg', 'i', 2),
(97, 'Um DVD Qualquer', '', 'capas/00000000001.jpg', 'i', 2),
(98, 'Um DVD Qualquer', '', 'capas/00000000001.jpg', 'i', 2),
(99, 'Um DVD Qualquer', '', 'capas/00000000001.jpg', 'i', 2),
(100, 'Um DVD Qualquer', '', 'capas/00000000001.jpg', 'i', 2),
(101, 'Um DVD Qualquer', '', 'capas/00000000001.jpg', 'i', 2),
(102, 'Um DVD Qualquer', '', 'capas/00000000001.jpg', 'i', 2),
(103, 'Um DVD Qualquer', '', 'capas/00000000001.jpg', 'i', 2),
(104, 'Um DVD Qualquer', '', 'capas/00000000001.jpg', 'i', 2),
(105, 'Um DVD Qualquer', '', 'capas/00000000001.jpg', 'i', 2),
(106, 'Um DVD Qualquer', '', 'capas/00000000001.jpg', 'i', 2),
(107, 'Um DVD Qualquer', '', 'capas/00000000001.jpg', 'i', 2),
(108, 'Um DVD Qualquer', '', 'capas/00000000001.jpg', 'i', 2),
(109, 'Um DVD Qualquer', '', 'capas/00000000001.jpg', 'i', 2),
(110, 'Um DVD Qualquer', '', 'capas/00000000001.jpg', 'i', 2),
(111, 'Um DVD Qualquer', '', 'capas/00000000001.jpg', 'i', 2),
(112, 'Um DVD Qualquer', '', 'capas/00000000001.jpg', 'i', 2),
(113, 'Um DVD Qualquer', '', 'capas/00000000001.jpg', 'i', 2),
(114, 'Um DVD Qualquer', '', 'capas/00000000001.jpg', 'i', 2),
(115, 'Um DVD Qualquer', '', 'capas/00000000001.jpg', 'i', 2),
(116, 'Um DVD Qualquer', '', 'capas/00000000001.jpg', 'i', 2),
(117, 'Um DVD Qualquer', '', 'capas/00000000001.jpg', 'i', 2),
(118, 'Um DVD Qualquer', '', 'capas/00000000001.jpg', 'i', 2),
(119, 'Um DVD Qualquer', '', 'capas/00000000001.jpg', 'i', 2),
(120, 'Um DVD Qualquer', '', 'capas/00000000001.jpg', 'i', 2),
(121, 'Um DVD Qualquer', '', 'capas/00000000001.jpg', 'i', 2),
(122, 'Um DVD Qualquer', '', 'capas/00000000001.jpg', 'i', 2),
(123, 'Um DVD Qualquer', '', 'capas/00000000001.jpg', 'i', 2),
(124, 'Um DVD Qualquer', '', 'capas/00000000001.jpg', 'i', 2),
(125, 'Um DVD Qualquer', '', 'capas/00000000001.jpg', 'i', 2),
(126, 'Um DVD Qualquer', '', 'capas/00000000001.jpg', 'i', 2),
(127, 'Um DVD Qualquer', '', 'capas/00000000001.jpg', 'i', 2),
(128, 'Um DVD Qualquer', '', 'capas/00000000001.jpg', 'i', 2),
(129, 'Um DVD Qualquer', '', 'capas/00000000001.jpg', 'i', 2),
(130, 'Um DVD Qualquer', '', 'capas/00000000001.jpg', 'i', 2),
(131, 'Um DVD Qualquer', '', 'capas/00000000001.jpg', 'i', 2),
(132, 'Um DVD Qualquer', '', 'capas/00000000001.jpg', 'i', 2),
(133, 'Um DVD Qualquer', '', 'capas/00000000001.jpg', 'i', 2),
(134, 'Um DVD Qualquer', '', 'capas/00000000001.jpg', 'i', 2),
(135, 'Um DVD Qualquer', '', 'capas/00000000001.jpg', 'i', 2),
(136, 'Um DVD Qualquer', '', 'capas/00000000001.jpg', 'i', 2),
(137, 'Um DVD Qualquer', '', 'capas/00000000001.jpg', 'i', 2),
(138, 'Um DVD Qualquer', '', 'capas/00000000001.jpg', 'i', 2),
(139, 'Um DVD Qualquer', '', 'capas/00000000001.jpg', 'i', 2),
(140, 'Um DVD Qualquer', '', 'capas/00000000001.jpg', 'i', 2),
(141, 'Um DVD Qualquer', '', 'capas/00000000001.jpg', 'i', 2),
(142, 'Um DVD Qualquer', '', 'capas/00000000001.jpg', 'i', 2),
(143, 'Um DVD Qualquer', '', 'capas/00000000001.jpg', 'i', 2),
(144, 'Um DVD Qualquer', '', 'capas/00000000001.jpg', 'i', 2),
(145, 'Um DVD Qualquer', '', 'capas/00000000001.jpg', 'i', 2),
(146, 'Um DVD Qualquer', '', 'capas/00000000001.jpg', 'i', 2),
(147, 'Um DVD Qualquer', '', 'capas/00000000001.jpg', 'i', 2),
(148, 'Um DVD Qualquer', '', 'capas/00000000001.jpg', 'i', 2),
(149, 'Um DVD Qualquer', '', 'capas/00000000001.jpg', 'i', 2),
(150, 'Um DVD Qualquer', '', 'capas/00000000001.jpg', 'i', 2),
(151, 'Um DVD Qualquer', '', 'capas/00000000001.jpg', 'i', 2),
(152, 'Um DVD Qualquer', '', 'capas/00000000001.jpg', 'i', 2),
(153, 'Um DVD Qualquer', '', 'capas/00000000001.jpg', 'i', 2),
(154, 'Um DVD Qualquer', '', 'capas/00000000001.jpg', 'i', 2),
(155, 'Um DVD Qualquer', '', 'capas/00000000001.jpg', 'i', 2),
(156, 'Um DVD Qualquer', '', 'capas/00000000001.jpg', 'i', 2),
(157, 'Um DVD Qualquer', '', 'capas/00000000001.jpg', 'i', 2),
(158, 'Um DVD Qualquer', '', 'capas/00000000001.jpg', 'i', 2),
(159, 'Um DVD Qualquer', '', 'capas/00000000001.jpg', 'i', 2),
(160, 'Um DVD Qualquer', '', 'capas/00000000001.jpg', 'i', 2),
(161, 'Um DVD Qualquer', '', 'capas/00000000001.jpg', 'i', 2),
(162, 'Um DVD Qualquer', '', 'capas/00000000001.jpg', 'i', 2),
(163, 'Um DVD Qualquer', '', 'capas/00000000001.jpg', 'i', 2),
(164, 'Um DVD Qualquer', '', 'capas/00000000001.jpg', 'i', 2),
(165, 'Um DVD Qualquer', '', 'capas/00000000001.jpg', 'i', 2),
(166, 'Um DVD Qualquer', '', 'capas/00000000001.jpg', 'i', 2),
(167, 'Um DVD Qualquer', '', 'capas/00000000001.jpg', 'i', 2),
(168, 'Um DVD Qualquer', '', 'capas/00000000001.jpg', 'i', 2),
(169, 'Um DVD Qualquer', '', 'capas/00000000001.jpg', 'i', 2),
(170, 'Um DVD Qualquer', '', 'capas/00000000001.jpg', 'i', 2),
(171, 'Um DVD Qualquer', '', 'capas/00000000001.jpg', 'i', 2),
(172, 'Um DVD Qualquer', '', 'capas/00000000001.jpg', 'i', 2),
(173, 'Um DVD Qualquer', '', 'capas/00000000001.jpg', 'i', 2),
(174, 'Um DVD Qualquer', '', 'capas/00000000001.jpg', 'i', 2),
(175, 'Um DVD Qualquer', '', 'capas/00000000001.jpg', 'i', 2),
(176, 'Um DVD Qualquer', '', 'capas/00000000001.jpg', 'i', 2),
(177, 'Um DVD Qualquer', '', 'capas/00000000001.jpg', 'i', 2),
(178, 'Um DVD Qualquer', '', 'capas/00000000001.jpg', 'i', 2),
(179, 'Um DVD Qualquer', '', 'capas/00000000001.jpg', 'i', 2),
(180, 'Um DVD Qualquer', '', 'capas/00000000001.jpg', 'i', 2),
(181, 'Um DVD Qualquer', '', 'capas/00000000001.jpg', 'i', 2),
(182, 'Um DVD Qualquer', '', 'capas/00000000001.jpg', 'i', 2),
(183, 'Um DVD Qualquer', '', 'capas/00000000001.jpg', 'i', 2),
(184, 'Um DVD Qualquer', '', 'capas/00000000001.jpg', 'i', 2),
(185, 'Um DVD Qualquer', '', 'capas/00000000001.jpg', 'i', 2),
(186, 'Um DVD Qualquer', '', 'capas/00000000001.jpg', 'i', 2),
(187, 'Um DVD Qualquer', '', 'capas/00000000001.jpg', 'i', 2),
(188, 'Um DVD Qualquer', '', 'capas/00000000001.jpg', 'i', 2),
(189, 'Um DVD Qualquer', '', 'capas/00000000001.jpg', 'i', 2),
(190, 'Um DVD Qualquer', '', 'capas/00000000001.jpg', 'i', 2),
(191, 'Um DVD Qualquer', '', 'capas/00000000001.jpg', 'i', 2),
(192, 'Um DVD Qualquer', '', 'capas/00000000001.jpg', 'i', 2),
(193, 'Um DVD Qualquer', '', 'capas/00000000001.jpg', 'i', 2),
(194, 'Um DVD Qualquer', '', 'capas/00000000001.jpg', 'i', 2),
(195, 'Um DVD Qualquer', '', 'capas/00000000001.jpg', 'i', 2),
(196, 'Um DVD Qualquer', '', 'capas/00000000001.jpg', 'i', 2),
(197, 'Um DVD Qualquer', '', 'capas/00000000001.jpg', 'i', 2),
(198, 'Um DVD Qualquer', '', 'capas/00000000001.jpg', 'i', 2),
(199, 'Um DVD Qualquer', '', 'capas/00000000001.jpg', 'i', 2),
(200, 'Um DVD Qualquer', '', 'capas/00000000001.jpg', 'i', 2),
(201, 'Um DVD Qualquer', '', 'capas/00000000001.jpg', 'i', 2),
(202, 'Um DVD Qualquer', '', 'capas/00000000001.jpg', 'i', 2),
(203, 'Um DVD Qualquer', '', 'capas/00000000001.jpg', 'i', 2),
(204, 'Um DVD Qualquer', '', 'capas/00000000001.jpg', 'i', 2),
(205, 'Um DVD Qualquer', '', 'capas/00000000001.jpg', 'i', 2),
(206, 'Um DVD Qualquer', '', 'capas/00000000001.jpg', 'i', 2),
(207, 'Um DVD Qualquer', '', 'capas/00000000001.jpg', 'i', 2),
(208, 'Um DVD Qualquer', '', 'capas/00000000001.jpg', 'i', 2),
(209, 'Um DVD Qualquer', '', 'capas/00000000001.jpg', 'i', 2),
(210, 'Um DVD Qualquer', '', 'capas/00000000001.jpg', 'i', 2),
(211, 'Um DVD Qualquer', '', 'capas/00000000001.jpg', 'i', 2),
(212, 'Um DVD Qualquer', '', 'capas/00000000001.jpg', 'i', 2),
(213, 'Um DVD Qualquer', '', 'capas/00000000001.jpg', 'i', 2),
(214, 'Um DVD Qualquer', '', 'capas/00000000001.jpg', 'i', 2),
(215, 'Um DVD Qualquer', '', 'capas/00000000001.jpg', 'i', 2),
(216, 'Um DVD Qualquer', '', 'capas/00000000001.jpg', 'i', 2),
(217, 'Um DVD Qualquer', '', 'capas/00000000001.jpg', 'i', 2),
(218, 'Um DVD Qualquer', '', 'capas/00000000001.jpg', 'i', 2),
(219, 'Um DVD Qualquer', '', 'capas/00000000001.jpg', 'i', 2),
(220, 'Um DVD Qualquer', '', 'capas/00000000001.jpg', 'i', 2),
(221, 'Um DVD Qualquer', '', 'capas/00000000001.jpg', 'i', 2),
(222, 'Um DVD Qualquer', '', 'capas/00000000001.jpg', 'i', 2),
(223, 'Um DVD Qualquer', '', 'capas/00000000001.jpg', 'i', 2),
(224, 'Um DVD Qualquer', '', 'capas/00000000001.jpg', 'i', 2),
(225, 'Um DVD Qualquer', '', 'capas/00000000001.jpg', 'i', 2),
(226, 'Um DVD Qualquer', '', 'capas/00000000001.jpg', 'i', 2),
(227, 'Um DVD Qualquer', '', 'capas/00000000001.jpg', 'i', 2),
(228, 'Um DVD Qualquer', '', 'capas/00000000001.jpg', 'i', 2),
(229, 'Um DVD Qualquer', '', 'capas/00000000001.jpg', 'i', 2),
(230, 'Um DVD Qualquer', '', 'capas/00000000001.jpg', 'i', 2),
(231, 'Um DVD Qualquer', '', 'capas/00000000001.jpg', 'i', 2),
(232, 'Um DVD Qualquer', '', 'capas/00000000001.jpg', 'i', 2),
(233, 'Um DVD Qualquer', '', 'capas/00000000001.jpg', 'i', 2),
(234, 'Um DVD Qualquer', '', 'capas/00000000001.jpg', 'i', 2),
(235, 'Um DVD Qualquer', '', 'capas/00000000001.jpg', 'i', 2),
(236, 'Um DVD Qualquer', '', 'capas/00000000001.jpg', 'i', 2),
(237, 'Um DVD Qualquer', '', 'capas/00000000001.jpg', 'i', 2),
(238, 'Um DVD Qualquer', '', 'capas/00000000001.jpg', 'i', 2),
(239, 'Um DVD Qualquer', '', 'capas/00000000001.jpg', 'i', 2),
(240, 'Um DVD Qualquer', '', 'capas/00000000001.jpg', 'i', 2),
(241, 'Um DVD Qualquer', '', 'capas/00000000001.jpg', 'i', 2),
(242, 'Um DVD Qualquer', '', 'capas/00000000001.jpg', 'i', 2),
(243, 'Um DVD Qualquer', '', 'capas/00000000001.jpg', 'i', 2),
(244, 'Um DVD Qualquer', '', 'capas/00000000001.jpg', 'i', 2),
(245, 'Um DVD Qualquer', '', 'capas/00000000001.jpg', 'i', 2),
(246, 'Um DVD Qualquer', '', 'capas/00000000001.jpg', 'i', 2),
(247, 'Um DVD Qualquer', '', 'capas/00000000001.jpg', 'i', 2),
(248, 'Um DVD Qualquer', '', 'capas/00000000001.jpg', 'i', 2),
(249, 'Um DVD Qualquer', '', 'capas/00000000001.jpg', 'i', 2),
(250, 'Um DVD Qualquer', '', 'capas/00000000001.jpg', 'i', 2),
(251, 'Um DVD Qualquer', '', 'capas/00000000001.jpg', 'i', 2),
(252, 'Um DVD Qualquer', '', 'capas/00000000001.jpg', 'i', 2),
(253, 'Um DVD Qualquer', '', 'capas/00000000001.jpg', 'i', 2),
(254, 'Um DVD Qualquer', '', 'capas/00000000001.jpg', 'i', 2),
(255, 'Um DVD Qualquer', '', 'capas/00000000001.jpg', 'i', 2),
(256, 'Um DVD Qualquer', '', 'capas/00000000001.jpg', 'i', 2),
(257, 'Um DVD Qualquer', '', 'capas/00000000001.jpg', 'i', 2),
(258, 'Um DVD Qualquer', '', 'capas/00000000001.jpg', 'i', 2),
(259, 'Um DVD Qualquer', '', 'capas/00000000001.jpg', 'i', 2),
(260, 'Um DVD Qualquer', '', 'capas/00000000001.jpg', 'i', 2),
(261, 'Um DVD Qualquer', '', 'capas/00000000001.jpg', 'i', 2),
(262, 'Um DVD Qualquer', '', 'capas/00000000001.jpg', 'i', 2),
(263, 'Um DVD Qualquer', '', 'capas/00000000001.jpg', 'i', 2),
(264, 'Um DVD Qualquer', '', 'capas/00000000001.jpg', 'i', 2),
(265, 'Um DVD Qualquer', '', 'capas/00000000001.jpg', 'i', 2),
(266, 'Um DVD Qualquer', '', 'capas/00000000001.jpg', 'i', 2),
(267, 'Um DVD Qualquer', '', 'capas/00000000001.jpg', 'i', 2),
(268, 'Um DVD Qualquer', '', 'capas/00000000001.jpg', 'i', 2),
(269, 'Um DVD Qualquer', '', 'capas/00000000001.jpg', 'i', 2),
(270, 'Um DVD Qualquer', '', 'capas/00000000001.jpg', 'i', 2),
(271, 'Um DVD Qualquer', '', 'capas/00000000001.jpg', 'i', 2),
(272, 'Um DVD Qualquer', '', 'capas/00000000001.jpg', 'i', 2),
(273, 'Um DVD Qualquer', '', 'capas/00000000001.jpg', 'i', 2),
(274, 'Um DVD Qualquer', '', 'capas/00000000001.jpg', 'i', 2),
(275, 'Um DVD Qualquer', '', 'capas/00000000001.jpg', 'i', 2),
(276, 'Um DVD Qualquer', '', 'capas/00000000001.jpg', 'i', 2),
(277, 'Um DVD Qualquer', '', 'capas/00000000001.jpg', 'i', 2),
(278, 'Um DVD Qualquer', '', 'capas/00000000001.jpg', 'i', 2),
(279, 'Um DVD Qualquer', '', 'capas/00000000001.jpg', 'i', 2),
(280, 'Um DVD Qualquer', '', 'capas/00000000001.jpg', 'i', 2),
(281, 'Um DVD Qualquer', '', 'capas/00000000001.jpg', 'i', 2),
(282, 'Um DVD Qualquer', '', 'capas/00000000001.jpg', 'i', 2),
(283, 'Um DVD Qualquer', '', 'capas/00000000001.jpg', 'i', 2),
(284, 'Um DVD Qualquer', '', 'capas/00000000001.jpg', 'i', 2),
(285, 'Um DVD Qualquer', '', 'capas/00000000001.jpg', 'i', 2),
(286, 'Um DVD Qualquer', '', 'capas/00000000001.jpg', 'i', 2),
(287, 'Um DVD Qualquer', '', 'capas/00000000001.jpg', 'i', 2),
(288, 'Um DVD Qualquer', '', 'capas/00000000001.jpg', 'i', 2),
(289, 'Um DVD Qualquer', '', 'capas/00000000001.jpg', 'i', 2),
(290, 'Um DVD Qualquer', '', 'capas/00000000001.jpg', 'i', 2),
(291, 'Um DVD Qualquer', '', 'capas/00000000001.jpg', 'i', 2),
(292, 'Um DVD Qualquer', '', 'capas/00000000001.jpg', 'i', 2),
(293, 'Um DVD Qualquer', '', 'capas/00000000001.jpg', 'i', 2),
(294, 'Um DVD Qualquer', '', 'capas/00000000001.jpg', 'i', 2),
(295, 'Um DVD Qualquer', '', 'capas/00000000001.jpg', 'i', 2),
(296, 'Um DVD Qualquer', '', 'capas/00000000001.jpg', 'i', 2),
(297, 'Um DVD Qualquer', '', 'capas/00000000001.jpg', 'i', 2),
(298, 'Um DVD Qualquer', '', 'capas/00000000001.jpg', 'i', 2),
(299, 'Um DVD Qualquer', '', 'capas/00000000001.jpg', 'i', 2),
(300, 'Um DVD Qualquer', '', 'capas/00000000001.jpg', 'i', 2),
(301, 'Um DVD Qualquer', '', 'capas/00000000001.jpg', 'i', 2),
(302, 'Um DVD Qualquer', '', 'capas/00000000001.jpg', 'i', 2),
(303, 'Um DVD Qualquer', '', 'capas/00000000001.jpg', 'i', 2),
(304, 'Um DVD Qualquer', '', 'capas/00000000001.jpg', 'i', 2),
(305, 'Um DVD Qualquer', '', 'capas/00000000001.jpg', 'i', 2),
(306, 'Um DVD Qualquer', '', 'capas/00000000001.jpg', 'i', 2),
(307, 'Um DVD Qualquer', '', 'capas/00000000001.jpg', 'i', 2),
(308, 'Um DVD Qualquer', '', 'capas/00000000001.jpg', 'i', 2),
(309, 'Um DVD Qualquer', '', 'capas/00000000001.jpg', 'i', 2),
(310, 'Um DVD Qualquer', '', 'capas/00000000001.jpg', 'i', 2),
(311, 'Um DVD Qualquer', '', 'capas/00000000001.jpg', 'i', 2),
(312, 'Um DVD Qualquer', '', 'capas/00000000001.jpg', 'i', 2),
(313, 'Um DVD Qualquer', '', 'capas/00000000001.jpg', 'i', 2),
(314, 'Um DVD Qualquer', '', 'capas/00000000001.jpg', 'i', 2),
(315, 'Um DVD Qualquer', '', 'capas/00000000001.jpg', 'i', 2),
(316, 'Um DVD Qualquer', '', 'capas/00000000001.jpg', 'i', 2),
(317, 'Um DVD Qualquer', '', 'capas/00000000001.jpg', 'i', 2),
(318, 'Um DVD Qualquer', '', 'capas/00000000001.jpg', 'i', 2),
(319, 'Um DVD Qualquer', '', 'capas/00000000001.jpg', 'i', 2),
(320, 'Um DVD Qualquer', '', 'capas/00000000001.jpg', 'i', 2),
(321, 'Um DVD Qualquer', '', 'capas/00000000001.jpg', 'i', 2),
(322, 'Um DVD Qualquer', '', 'capas/00000000001.jpg', 'i', 2),
(323, 'Um DVD Qualquer', '', 'capas/00000000001.jpg', 'i', 2),
(324, 'Um DVD Qualquer', '', 'capas/00000000001.jpg', 'i', 2),
(325, 'Um DVD Qualquer', '', 'capas/00000000001.jpg', 'i', 2),
(326, 'Um DVD Qualquer', '', 'capas/00000000001.jpg', 'i', 2),
(327, 'Um DVD Qualquer', '', 'capas/00000000001.jpg', 'i', 2),
(328, 'Um DVD Qualquer', '', 'capas/00000000001.jpg', 'i', 2),
(329, 'Um DVD Qualquer', '', 'capas/00000000001.jpg', 'i', 2),
(330, 'Um DVD Qualquer', '', 'capas/00000000001.jpg', 'i', 2),
(331, 'Um DVD Qualquer', '', 'capas/00000000001.jpg', 'i', 2),
(332, 'Um DVD Qualquer', '', 'capas/00000000001.jpg', 'i', 2),
(333, 'Um DVD Qualquer', '', 'capas/00000000001.jpg', 'i', 2),
(334, 'Um DVD Qualquer', '', 'capas/00000000001.jpg', 'i', 2),
(335, 'Um DVD Qualquer', '', 'capas/00000000001.jpg', 'i', 2),
(336, 'Um DVD Qualquer', '', 'capas/00000000001.jpg', 'i', 2),
(337, 'Um DVD Qualquer', '', 'capas/00000000001.jpg', 'i', 2),
(338, 'Um DVD Qualquer', '', 'capas/00000000001.jpg', 'i', 2),
(339, 'Um DVD Qualquer', '', 'capas/00000000001.jpg', 'i', 2),
(340, 'Um DVD Qualquer', '', 'capas/00000000001.jpg', 'i', 2),
(341, 'Um DVD Qualquer', '', 'capas/00000000001.jpg', 'i', 2),
(342, 'Um DVD Qualquer', '', 'capas/00000000001.jpg', 'i', 2),
(343, 'Um DVD Qualquer', '', 'capas/00000000001.jpg', 'i', 2),
(344, 'Um DVD Qualquer', '', 'capas/00000000001.jpg', 'i', 2),
(345, 'Um DVD Qualquer', '', 'capas/00000000001.jpg', 'i', 2),
(346, 'Um DVD Qualquer', '', 'capas/00000000001.jpg', 'i', 2),
(347, 'Um DVD Qualquer', '', 'capas/00000000001.jpg', 'i', 2),
(348, 'Um DVD Qualquer', '', 'capas/00000000001.jpg', 'i', 2),
(349, 'Um DVD Qualquer', '', 'capas/00000000001.jpg', 'i', 2),
(350, 'Um DVD Qualquer', '', 'capas/00000000001.jpg', 'i', 2),
(351, 'Um DVD Qualquer', '', 'capas/00000000001.jpg', 'i', 2),
(352, 'Um DVD Qualquer', '', 'capas/00000000001.jpg', 'i', 2),
(353, 'Um DVD Qualquer', '', 'capas/00000000001.jpg', 'i', 2),
(354, 'Um DVD Qualquer', '', 'capas/00000000001.jpg', 'i', 2),
(355, 'Um DVD Qualquer', '', 'capas/00000000001.jpg', 'i', 2),
(356, 'Um DVD Qualquer', '', 'capas/00000000001.jpg', 'i', 2),
(357, 'Um DVD Qualquer', '', 'capas/00000000001.jpg', 'i', 2),
(358, 'Um DVD Qualquer', '', 'capas/00000000001.jpg', 'i', 2),
(359, 'Um DVD Qualquer', '', 'capas/00000000001.jpg', 'i', 2),
(360, 'Um DVD Qualquer', '', 'capas/00000000001.jpg', 'i', 2),
(361, 'Um DVD Qualquer', '', 'capas/00000000001.jpg', 'i', 2),
(362, 'Um DVD Qualquer', '', 'capas/00000000001.jpg', 'i', 2),
(363, 'Um DVD Qualquer', '', 'capas/00000000001.jpg', 'i', 2),
(364, 'Um DVD Qualquer', '', 'capas/00000000001.jpg', 'i', 2),
(365, 'Um DVD Qualquer', '', 'capas/00000000001.jpg', 'i', 2),
(366, 'Um DVD Qualquer', '', 'capas/00000000001.jpg', 'i', 2),
(367, 'Um DVD Qualquer', '', 'capas/00000000001.jpg', 'i', 2),
(368, 'Um DVD Qualquer', '', 'capas/00000000001.jpg', 'i', 2),
(369, 'Um DVD Qualquer', '', 'capas/00000000001.jpg', 'i', 2),
(370, 'Um DVD Qualquer', '', 'capas/00000000001.jpg', 'i', 2),
(371, 'Um DVD Qualquer', '', 'capas/00000000001.jpg', 'i', 2),
(372, 'Um DVD Qualquer', '', 'capas/00000000001.jpg', 'i', 2),
(373, 'Um DVD Qualquer', '', 'capas/00000000001.jpg', 'i', 2),
(374, 'Um DVD Qualquer', '', 'capas/00000000001.jpg', 'i', 2),
(375, 'Um DVD Qualquer', '', 'capas/00000000001.jpg', 'i', 2),
(376, 'Um DVD Qualquer', '', 'capas/00000000001.jpg', 'i', 2),
(377, 'Um DVD Qualquer', '', 'capas/00000000001.jpg', 'i', 2),
(378, 'Um DVD Qualquer', '', 'capas/00000000001.jpg', 'i', 2),
(379, 'Um DVD Qualquer', '', 'capas/00000000001.jpg', 'i', 2),
(380, 'Um DVD Qualquer', '', 'capas/00000000001.jpg', 'i', 2),
(381, 'Um DVD Qualquer', '', 'capas/00000000001.jpg', 'i', 2),
(382, 'Um DVD Qualquer', '', 'capas/00000000001.jpg', 'i', 2),
(383, 'Um DVD Qualquer', '', 'capas/00000000001.jpg', 'i', 2),
(384, 'Um DVD Qualquer', '', 'capas/00000000001.jpg', 'i', 2),
(385, 'Um DVD Qualquer', '', 'capas/00000000001.jpg', 'i', 2),
(386, 'Um DVD Qualquer', '', 'capas/00000000001.jpg', 'i', 2),
(387, 'Um DVD Qualquer', '', 'capas/00000000001.jpg', 'i', 2),
(388, 'Um DVD Qualquer', '', 'capas/00000000001.jpg', 'i', 2),
(389, 'Um DVD Qualquer', '', 'capas/00000000001.jpg', 'i', 2),
(390, 'Um DVD Qualquer', '', 'capas/00000000001.jpg', 'i', 2),
(391, 'Um DVD Qualquer', '', 'capas/00000000001.jpg', 'i', 2),
(392, 'Um DVD Qualquer', '', 'capas/00000000001.jpg', 'i', 2),
(393, 'Um DVD Qualquer', '', 'capas/00000000001.jpg', 'i', 2),
(394, 'Um DVD Qualquer', '', 'capas/00000000001.jpg', 'i', 2),
(395, 'Um DVD Qualquer', '', 'capas/00000000001.jpg', 'i', 2),
(396, 'Um DVD Qualquer', '', 'capas/00000000001.jpg', 'i', 2),
(397, 'Um DVD Qualquer', '', 'capas/00000000001.jpg', 'i', 2),
(398, 'Um DVD Qualquer', '', 'capas/00000000001.jpg', 'i', 2),
(399, 'Um DVD Qualquer', '', 'capas/00000000001.jpg', 'i', 2),
(400, 'Um DVD Qualquer', '', 'capas/00000000001.jpg', 'i', 2),
(401, 'Um DVD Qualquer', '', 'capas/00000000001.jpg', 'i', 2),
(402, 'Um DVD Qualquer', '', 'capas/00000000001.jpg', 'i', 2),
(403, 'Um DVD Qualquer', '', 'capas/00000000001.jpg', 'i', 2),
(404, 'Um DVD Qualquer', '', 'capas/00000000001.jpg', 'i', 2),
(405, 'Um DVD Qualquer', '', 'capas/00000000001.jpg', 'i', 2),
(406, 'Um DVD Qualquer', '', 'capas/00000000001.jpg', 'i', 2),
(407, 'Um DVD Qualquer', '', 'capas/00000000001.jpg', 'i', 2),
(408, 'Um DVD Qualquer', '', 'capas/00000000001.jpg', 'i', 2),
(409, 'Um DVD Qualquer', '', 'capas/00000000001.jpg', 'i', 2),
(410, 'Um DVD Qualquer', '', 'capas/00000000001.jpg', 'i', 2),
(411, 'Um DVD Qualquer', '', 'capas/00000000001.jpg', 'i', 2),
(412, 'Um DVD Qualquer', '', 'capas/00000000001.jpg', 'i', 2),
(413, 'Um DVD Qualquer', '', 'capas/00000000001.jpg', 'i', 2),
(414, 'Um DVD Qualquer', '', 'capas/00000000001.jpg', 'i', 2),
(415, 'Um DVD Qualquer', '', 'capas/00000000001.jpg', 'i', 2),
(416, 'Um DVD Qualquer', '', 'capas/00000000001.jpg', 'i', 2),
(417, 'Um DVD Qualquer', '', 'capas/00000000001.jpg', 'i', 2),
(418, 'Um DVD Qualquer', '', 'capas/00000000001.jpg', 'i', 2),
(419, 'Um DVD Qualquer', '', 'capas/00000000001.jpg', 'i', 2),
(420, 'Um DVD Qualquer', '', 'capas/00000000001.jpg', 'i', 2),
(421, 'Um DVD Qualquer', '', 'capas/00000000001.jpg', 'i', 2),
(422, 'Um DVD Qualquer', '', 'capas/00000000001.jpg', 'i', 2),
(423, 'Um DVD Qualquer', '', 'capas/00000000001.jpg', 'i', 2),
(424, 'Um DVD Qualquer', '', 'capas/00000000001.jpg', 'i', 2),
(425, 'Um DVD Qualquer', '', 'capas/00000000001.jpg', 'i', 2),
(426, 'Um DVD Qualquer', '', 'capas/00000000001.jpg', 'i', 2),
(427, 'Um DVD Qualquer', '', 'capas/00000000001.jpg', 'i', 2),
(428, 'Um DVD Qualquer', '', 'capas/00000000001.jpg', 'i', 2),
(429, 'Um DVD Qualquer', '', 'capas/00000000001.jpg', 'i', 2),
(430, 'Um DVD Qualquer', '', 'capas/00000000001.jpg', 'i', 2),
(431, 'Um DVD Qualquer', '', 'capas/00000000001.jpg', 'i', 2),
(432, 'Um DVD Qualquer', '', 'capas/00000000001.jpg', 'i', 2),
(433, 'Um DVD Qualquer', '', 'capas/00000000001.jpg', 'i', 2),
(434, 'Um DVD Qualquer', '', 'capas/00000000001.jpg', 'i', 2),
(435, 'Um DVD Qualquer', '', 'capas/00000000001.jpg', 'i', 2),
(436, 'Um DVD Qualquer', '', 'capas/00000000001.jpg', 'i', 2),
(437, 'Um DVD Qualquer', '', 'capas/00000000001.jpg', 'i', 2),
(438, 'Um DVD Qualquer', '', 'capas/00000000001.jpg', 'i', 2),
(439, 'Um DVD Qualquer', '', 'capas/00000000001.jpg', 'i', 2),
(440, 'Um DVD Qualquer', '', 'capas/00000000001.jpg', 'i', 2),
(441, 'Um DVD Qualquer', '', 'capas/00000000001.jpg', 'i', 2),
(442, 'Um DVD Qualquer', '', 'capas/00000000001.jpg', 'i', 2),
(443, 'Um DVD Qualquer', '', 'capas/00000000001.jpg', 'i', 2),
(444, 'Um DVD Qualquer', '', 'capas/00000000001.jpg', 'i', 2),
(445, 'Um DVD Qualquer', '', 'capas/00000000001.jpg', 'i', 2),
(446, 'Um DVD Qualquer', '', 'capas/00000000001.jpg', 'i', 2),
(447, 'Um DVD Qualquer', '', 'capas/00000000001.jpg', 'i', 2),
(448, 'Um DVD Qualquer', '', 'capas/00000000001.jpg', 'i', 2),
(449, 'Um DVD Qualquer', '', 'capas/00000000001.jpg', 'i', 2),
(450, 'Um DVD Qualquer', '', 'capas/00000000001.jpg', 'i', 2),
(451, 'Um DVD Qualquer', '', 'capas/00000000001.jpg', 'i', 2),
(452, 'Um DVD Qualquer', '', 'capas/00000000001.jpg', 'i', 2),
(453, 'Um DVD Qualquer', '', 'capas/00000000001.jpg', 'i', 2),
(454, 'Um DVD Qualquer', '', 'capas/00000000001.jpg', 'i', 2),
(455, 'Um DVD Qualquer', '', 'capas/00000000001.jpg', 'i', 2),
(456, 'Um DVD Qualquer', '', 'capas/00000000001.jpg', 'i', 2),
(457, 'Um DVD Qualquer', '', 'capas/00000000001.jpg', 'i', 2),
(458, 'Um DVD Qualquer', '', 'capas/00000000001.jpg', 'i', 2),
(459, 'Um DVD Qualquer', '', 'capas/00000000001.jpg', 'i', 2),
(460, 'Um DVD Qualquer', '', 'capas/00000000001.jpg', 'i', 2),
(461, 'Um DVD Qualquer', '', 'capas/00000000001.jpg', 'i', 2),
(462, 'Um DVD Qualquer', '', 'capas/00000000001.jpg', 'i', 2),
(463, 'Um DVD Qualquer', '', 'capas/00000000001.jpg', 'i', 2),
(464, 'Um DVD Qualquer', '', 'capas/00000000001.jpg', 'i', 2),
(465, 'Um DVD Qualquer', '', 'capas/00000000001.jpg', 'i', 2),
(466, 'Um DVD Qualquer', '', 'capas/00000000001.jpg', 'i', 2),
(467, 'Um DVD Qualquer', '', 'capas/00000000001.jpg', 'i', 2),
(468, 'Um DVD Qualquer', '', 'capas/00000000001.jpg', 'i', 2),
(469, 'Um DVD Qualquer', '', 'capas/00000000001.jpg', 'i', 2),
(470, 'Um DVD Qualquer', '', 'capas/00000000001.jpg', 'i', 2),
(471, 'Um DVD Qualquer', '', 'capas/00000000001.jpg', 'i', 2),
(472, 'Um DVD Qualquer', '', 'capas/00000000001.jpg', 'i', 2),
(473, 'Um DVD Qualquer', '', 'capas/00000000001.jpg', 'i', 2),
(474, 'Um DVD Qualquer', '', 'capas/00000000001.jpg', 'i', 2),
(475, 'Um DVD Qualquer', '', 'capas/00000000001.jpg', 'i', 2),
(476, 'Um DVD Qualquer', '', 'capas/00000000001.jpg', 'i', 2),
(477, 'Um DVD Qualquer', '', 'capas/00000000001.jpg', 'i', 2),
(478, 'Um DVD Qualquer', '', 'capas/00000000001.jpg', 'i', 2),
(479, 'Um DVD Qualquer', '', 'capas/00000000001.jpg', 'i', 2),
(480, 'Um DVD Qualquer', '', 'capas/00000000001.jpg', 'i', 2),
(481, 'Um DVD Qualquer', '', 'capas/00000000001.jpg', 'i', 2),
(482, 'Um DVD Qualquer', '', 'capas/00000000001.jpg', 'i', 2),
(483, 'Um DVD Qualquer', '', 'capas/00000000001.jpg', 'i', 2),
(484, 'Um DVD Qualquer', '', 'capas/00000000001.jpg', 'i', 2),
(485, 'Um DVD Qualquer', '', 'capas/00000000001.jpg', 'i', 2),
(486, 'Um DVD Qualquer', '', 'capas/00000000001.jpg', 'i', 2),
(487, 'Um DVD Qualquer', '', 'capas/00000000001.jpg', 'i', 2),
(488, 'Um DVD Qualquer', '', 'capas/00000000001.jpg', 'i', 2),
(489, 'Um DVD Qualquer', '', 'capas/00000000001.jpg', 'i', 2),
(490, 'Um DVD Qualquer', '', 'capas/00000000001.jpg', 'i', 2),
(491, 'Um DVD Qualquer', '', 'capas/00000000001.jpg', 'i', 2),
(492, 'Um DVD Qualquer', '', 'capas/00000000001.jpg', 'i', 2),
(493, 'Um DVD Qualquer', '', 'capas/00000000001.jpg', 'i', 2),
(494, 'Um DVD Qualquer', '', 'capas/00000000001.jpg', 'i', 2),
(495, 'Um DVD Qualquer', '', 'capas/00000000001.jpg', 'i', 2),
(496, 'Um DVD Qualquer', '', 'capas/00000000001.jpg', 'i', 2),
(497, 'Um DVD Qualquer', '', 'capas/00000000001.jpg', 'i', 2),
(498, 'Um DVD Qualquer', '', 'capas/00000000001.jpg', 'i', 2),
(499, 'Um DVD Qualquer', '', 'capas/00000000001.jpg', 'i', 2),
(500, 'Um DVD Qualquer', '', 'capas/00000000001.jpg', 'i', 2),
(501, 'Um DVD Qualquer', '', 'capas/00000000001.jpg', 'i', 2),
(502, 'Um DVD Qualquer', '', 'capas/00000000001.jpg', 'i', 2),
(503, 'Um DVD Qualquer', '', 'capas/00000000001.jpg', 'i', 2),
(504, 'Um DVD Qualquer', '', 'capas/00000000001.jpg', 'i', 2),
(505, 'Um DVD Qualquer', '', 'capas/00000000001.jpg', 'i', 2),
(506, 'Um DVD Qualquer', '', 'capas/00000000001.jpg', 'i', 2),
(507, 'Um DVD Qualquer', '', 'capas/00000000001.jpg', 'i', 2),
(508, 'Um DVD Qualquer', '', 'capas/00000000001.jpg', 'i', 2),
(509, 'Um DVD Qualquer', '', 'capas/00000000001.jpg', 'i', 2),
(510, 'Um DVD Qualquer', '', 'capas/00000000001.jpg', 'i', 2),
(511, 'Um DVD Qualquer', '', 'capas/00000000001.jpg', 'i', 2),
(512, 'Um DVD Qualquer', '', 'capas/00000000001.jpg', 'i', 2),
(513, 'Um DVD Qualquer', '', 'capas/00000000001.jpg', 'i', 2),
(514, 'Um DVD Qualquer', '', 'capas/00000000001.jpg', 'i', 2),
(515, 'Um DVD Qualquer', '', 'capas/00000000001.jpg', 'i', 2),
(516, 'Um DVD Qualquer', '', 'capas/00000000001.jpg', 'i', 2),
(517, 'Um DVD Qualquer', '', 'capas/00000000001.jpg', 'i', 2),
(518, 'Um DVD Qualquer', '', 'capas/00000000001.jpg', 'i', 2),
(519, 'Um DVD Qualquer', '', 'capas/00000000001.jpg', 'i', 2),
(520, 'Um DVD Qualquer', '', 'capas/00000000001.jpg', 'i', 2),
(521, 'Um DVD Qualquer', '', 'capas/00000000001.jpg', 'i', 2),
(522, 'Um DVD Qualquer', '', 'capas/00000000001.jpg', 'i', 2),
(523, 'Um DVD Qualquer', '', 'capas/00000000001.jpg', 'i', 2),
(524, 'Um DVD Qualquer', '', 'capas/00000000001.jpg', 'i', 2),
(525, 'Um DVD Qualquer', '', 'capas/00000000001.jpg', 'i', 2),
(526, 'Um DVD Qualquer', '', 'capas/00000000001.jpg', 'i', 2),
(527, 'Um DVD Qualquer', '', 'capas/00000000001.jpg', 'i', 2),
(528, 'Um DVD Qualquer', '', 'capas/00000000001.jpg', 'i', 2),
(529, 'Um DVD Qualquer', '', 'capas/00000000001.jpg', 'i', 2),
(530, 'Um DVD Qualquer', '', 'capas/00000000001.jpg', 'i', 2),
(531, 'Um DVD Qualquer', '', 'capas/00000000001.jpg', 'i', 2),
(532, 'Um DVD Qualquer', '', 'capas/00000000001.jpg', 'i', 2),
(533, 'Um DVD Qualquer', '', 'capas/00000000001.jpg', 'i', 2),
(534, 'Um DVD Qualquer', '', 'capas/00000000001.jpg', 'i', 2),
(535, 'Um DVD Qualquer', '', 'capas/00000000001.jpg', 'i', 2),
(536, 'Um DVD Qualquer', '', 'capas/00000000001.jpg', 'i', 2),
(537, 'Um DVD Qualquer', '', 'capas/00000000001.jpg', 'i', 2),
(538, 'Um DVD Qualquer', '', 'capas/00000000001.jpg', 'i', 2),
(539, 'Um DVD Qualquer', '', 'capas/00000000001.jpg', 'i', 2),
(540, 'Um DVD Qualquer', '', 'capas/00000000001.jpg', 'i', 2),
(541, 'Um DVD Qualquer', '', 'capas/00000000001.jpg', 'i', 2),
(542, 'Um DVD Qualquer', '', 'capas/00000000001.jpg', 'i', 2),
(543, 'Um DVD Qualquer', '', 'capas/00000000001.jpg', 'i', 2),
(544, 'Um DVD Qualquer', '', 'capas/00000000001.jpg', 'i', 2),
(545, 'Um DVD Qualquer', '', 'capas/00000000001.jpg', 'i', 2),
(546, 'Um DVD Qualquer', '', 'capas/00000000001.jpg', 'i', 2),
(547, 'Um DVD Qualquer', '', 'capas/00000000001.jpg', 'i', 2),
(548, 'Um DVD Qualquer', '', 'capas/00000000001.jpg', 'i', 2),
(549, 'Um DVD Qualquer', '', 'capas/00000000001.jpg', 'i', 2),
(550, 'Um DVD Qualquer', '', 'capas/00000000001.jpg', 'i', 2),
(551, 'Um DVD Qualquer', '', 'capas/00000000001.jpg', 'i', 2),
(552, 'Um DVD Qualquer', '', 'capas/00000000001.jpg', 'i', 2),
(553, 'Um DVD Qualquer', '', 'capas/00000000001.jpg', 'i', 2),
(554, 'Um DVD Qualquer', '', 'capas/00000000001.jpg', 'i', 2),
(555, 'Um DVD Qualquer', '', 'capas/00000000001.jpg', 'i', 2),
(556, 'Um DVD Qualquer', '', 'capas/00000000001.jpg', 'i', 2),
(557, 'Um DVD Qualquer', '', 'capas/00000000001.jpg', 'i', 2),
(558, 'Um DVD Qualquer', '', 'capas/00000000001.jpg', 'i', 2),
(559, 'Um DVD Qualquer', '', 'capas/00000000001.jpg', 'i', 2),
(560, 'Um DVD Qualquer', '', 'capas/00000000001.jpg', 'i', 2),
(561, 'Um DVD Qualquer', '', 'capas/00000000001.jpg', 'i', 2),
(562, 'Um DVD Qualquer', '', 'capas/00000000001.jpg', 'i', 2),
(563, 'Um DVD Qualquer', '', 'capas/00000000001.jpg', 'i', 2),
(564, 'Um DVD Qualquer', '', 'capas/00000000001.jpg', 'i', 2),
(565, 'Um DVD Qualquer', '', 'capas/00000000001.jpg', 'i', 2),
(566, 'Um DVD Qualquer', '', 'capas/00000000001.jpg', 'i', 2),
(567, 'Um DVD Qualquer', '', 'capas/00000000001.jpg', 'i', 2),
(568, 'Um DVD Qualquer', '', 'capas/00000000001.jpg', 'i', 2),
(569, 'Um DVD Qualquer', '', 'capas/00000000001.jpg', 'i', 2),
(570, 'Um DVD Qualquer', '', 'capas/00000000001.jpg', 'i', 2),
(571, 'Um DVD Qualquer', '', 'capas/00000000001.jpg', 'i', 2),
(572, 'Um DVD Qualquer', '', 'capas/00000000001.jpg', 'i', 2),
(573, 'Um DVD Qualquer', '', 'capas/00000000001.jpg', 'i', 2),
(574, 'Um DVD Qualquer', '', 'capas/00000000001.jpg', 'i', 2),
(575, 'Um DVD Qualquer', '', 'capas/00000000001.jpg', 'i', 2),
(576, 'Um DVD Qualquer', '', 'capas/00000000001.jpg', 'i', 2),
(577, 'Um DVD Qualquer', '', 'capas/00000000001.jpg', 'i', 2),
(578, 'Um DVD Qualquer', '', 'capas/00000000001.jpg', 'i', 2),
(579, 'Um DVD Qualquer', '', 'capas/00000000001.jpg', 'i', 2),
(580, 'Um DVD Qualquer', '', 'capas/00000000001.jpg', 'i', 2),
(581, 'Um DVD Qualquer', '', 'capas/00000000001.jpg', 'i', 2),
(582, 'Um DVD Qualquer', '', 'capas/00000000001.jpg', 'i', 2),
(583, 'Um DVD Qualquer', '', 'capas/00000000001.jpg', 'i', 2),
(584, 'Um DVD Qualquer', '', 'capas/00000000001.jpg', 'i', 2),
(585, 'Um DVD Qualquer', '', 'capas/00000000001.jpg', 'i', 2),
(586, 'Um DVD Qualquer', '', 'capas/00000000001.jpg', 'i', 2),
(587, 'Um DVD Qualquer', '', 'capas/00000000001.jpg', 'i', 2),
(588, 'Um DVD Qualquer', '', 'capas/00000000001.jpg', 'i', 2),
(589, 'Um DVD Qualquer', '', 'capas/00000000001.jpg', 'i', 2),
(590, 'Um DVD Qualquer', '', 'capas/00000000001.jpg', 'i', 2),
(591, 'Um DVD Qualquer', '', 'capas/00000000001.jpg', 'i', 2),
(592, 'Um DVD Qualquer', '', 'capas/00000000001.jpg', 'i', 2),
(593, 'Um DVD Qualquer', '', 'capas/00000000001.jpg', 'i', 2),
(594, 'Um DVD Qualquer', '', 'capas/00000000001.jpg', 'i', 2),
(595, 'Um DVD Qualquer', '', 'capas/00000000001.jpg', 'i', 2),
(596, 'Um DVD Qualquer', '', 'capas/00000000001.jpg', 'i', 2),
(597, 'Um DVD Qualquer', '', 'capas/00000000001.jpg', 'i', 2),
(598, 'Um DVD Qualquer', '', 'capas/00000000001.jpg', 'i', 2),
(599, 'Um DVD Qualquer', '', 'capas/00000000001.jpg', 'i', 2),
(600, 'Um DVD Qualquer', '', 'capas/00000000001.jpg', 'i', 2),
(601, 'Um DVD Qualquer', '', 'capas/00000000001.jpg', 'i', 2),
(602, 'Um DVD Qualquer', '', 'capas/00000000001.jpg', 'i', 2),
(603, 'Um DVD Qualquer', '', 'capas/00000000001.jpg', 'i', 2),
(604, 'Um DVD Qualquer', '', 'capas/00000000001.jpg', 'i', 2),
(605, 'Um DVD Qualquer', '', 'capas/00000000001.jpg', 'i', 2),
(606, 'Um DVD Qualquer', '', 'capas/00000000001.jpg', 'i', 2),
(607, 'Um DVD Qualquer', '', 'capas/00000000001.jpg', 'i', 2),
(608, 'Um DVD Qualquer', '', 'capas/00000000001.jpg', 'i', 2),
(609, 'Um DVD Qualquer', '', 'capas/00000000001.jpg', 'i', 2),
(610, 'Um DVD Qualquer', '', 'capas/00000000001.jpg', 'i', 2),
(611, 'Um DVD Qualquer', '', 'capas/00000000001.jpg', 'i', 2),
(612, 'Um DVD Qualquer', '', 'capas/00000000001.jpg', 'i', 2),
(613, 'Um DVD Qualquer', '', 'capas/00000000001.jpg', 'i', 2),
(614, 'Um DVD Qualquer', '', 'capas/00000000001.jpg', 'i', 2),
(615, 'Um DVD Qualquer', '', 'capas/00000000001.jpg', 'i', 2),
(616, 'Um DVD Qualquer', '', 'capas/00000000001.jpg', 'i', 2),
(617, 'Um DVD Qualquer', '', 'capas/00000000001.jpg', 'i', 2),
(618, 'Um DVD Qualquer', '', 'capas/00000000001.jpg', 'i', 2),
(619, 'Um DVD Qualquer', '', 'capas/00000000001.jpg', 'i', 2),
(620, 'Um DVD Qualquer', '', 'capas/00000000001.jpg', 'i', 2),
(621, 'Um DVD Qualquer', '', 'capas/00000000001.jpg', 'i', 2),
(622, 'Um DVD Qualquer', '', 'capas/00000000001.jpg', 'i', 2),
(623, 'Um DVD Qualquer', '', 'capas/00000000001.jpg', 'i', 2),
(624, 'Um DVD Qualquer', '', 'capas/00000000001.jpg', 'i', 2),
(625, 'Um DVD Qualquer', '', 'capas/00000000001.jpg', 'i', 2),
(626, 'Um DVD Qualquer', '', 'capas/00000000001.jpg', 'i', 2),
(627, 'Um DVD Qualquer', '', 'capas/00000000001.jpg', 'i', 2),
(628, 'Um DVD Qualquer', '', 'capas/00000000001.jpg', 'i', 2),
(629, 'Um DVD Qualquer', '', 'capas/00000000001.jpg', 'i', 2),
(630, 'Um DVD Qualquer', '', 'capas/00000000001.jpg', 'i', 2),
(631, 'Um DVD Qualquer', '', 'capas/00000000001.jpg', 'i', 2),
(632, 'Um DVD Qualquer', '', 'capas/00000000001.jpg', 'i', 2),
(633, 'Um DVD Qualquer', '', 'capas/00000000001.jpg', 'i', 2),
(634, 'Um DVD Qualquer', '', 'capas/00000000001.jpg', 'i', 2),
(635, 'Um DVD Qualquer', '', 'capas/00000000001.jpg', 'i', 2),
(636, 'Um DVD Qualquer', '', 'capas/00000000001.jpg', 'i', 2),
(637, 'Um DVD Qualquer', '', 'capas/00000000001.jpg', 'i', 2),
(638, 'Um DVD Qualquer', '', 'capas/00000000001.jpg', 'i', 2),
(639, 'Um DVD Qualquer', '', 'capas/00000000001.jpg', 'i', 2),
(640, 'Um DVD Qualquer', '', 'capas/00000000001.jpg', 'i', 2),
(641, 'Um DVD Qualquer', '', 'capas/00000000001.jpg', 'i', 2),
(642, 'Um DVD Qualquer', '', 'capas/00000000001.jpg', 'i', 2),
(643, 'Um DVD Qualquer', '', 'capas/00000000001.jpg', 'i', 2),
(644, 'Um DVD Qualquer', '', 'capas/00000000001.jpg', 'i', 2),
(645, 'Um DVD Qualquer', '', 'capas/00000000001.jpg', 'i', 2),
(646, 'Um DVD Qualquer', '', 'capas/00000000001.jpg', 'i', 2),
(647, 'Um DVD Qualquer', '', 'capas/00000000001.jpg', 'i', 2),
(648, 'Um DVD Qualquer', '', 'capas/00000000001.jpg', 'i', 2),
(649, 'Um DVD Qualquer', '', 'capas/00000000001.jpg', 'i', 2),
(650, 'Um DVD Qualquer', '', 'capas/00000000001.jpg', 'i', 2),
(651, 'Um DVD Qualquer', '', 'capas/00000000001.jpg', 'i', 2),
(652, 'Um DVD Qualquer', '', 'capas/00000000001.jpg', 'i', 2),
(653, 'Um DVD Qualquer', '', 'capas/00000000001.jpg', 'i', 2),
(654, 'Um DVD Qualquer', '', 'capas/00000000001.jpg', 'i', 2),
(655, 'Um DVD Qualquer', '', 'capas/00000000001.jpg', 'i', 2),
(656, 'Um DVD Qualquer', '', 'capas/00000000001.jpg', 'i', 2),
(657, 'Um DVD Qualquer', '', 'capas/00000000001.jpg', 'i', 2),
(658, 'Um DVD Qualquer', '', 'capas/00000000001.jpg', 'i', 2),
(659, 'Um DVD Qualquer', '', 'capas/00000000001.jpg', 'i', 2),
(660, 'Um DVD Qualquer', '', 'capas/00000000001.jpg', 'i', 2),
(661, 'Um DVD Qualquer', '', 'capas/00000000001.jpg', 'i', 2),
(662, 'Um DVD Qualquer', '', 'capas/00000000001.jpg', 'i', 2),
(663, 'Um DVD Qualquer', '', 'capas/00000000001.jpg', 'i', 2),
(664, 'Um DVD Qualquer', '', 'capas/00000000001.jpg', 'i', 2),
(665, 'Um DVD Qualquer', '', 'capas/00000000001.jpg', 'i', 2),
(666, 'Um DVD Qualquer', '', 'capas/00000000001.jpg', 'i', 2),
(667, 'Um DVD Qualquer', '', 'capas/00000000001.jpg', 'i', 2),
(668, 'Um DVD Qualquer', '', 'capas/00000000001.jpg', 'i', 2),
(669, 'Um DVD Qualquer', '', 'capas/00000000001.jpg', 'i', 2),
(670, 'Um DVD Qualquer', '', 'capas/00000000001.jpg', 'i', 2),
(671, 'Um DVD Qualquer', '', 'capas/00000000001.jpg', 'i', 2),
(672, 'Um DVD Qualquer', '', 'capas/00000000001.jpg', 'i', 2),
(673, 'Um DVD Qualquer', '', 'capas/00000000001.jpg', 'i', 2),
(674, 'Um DVD Qualquer', '', 'capas/00000000001.jpg', 'i', 2),
(675, 'Um DVD Qualquer', '', 'capas/00000000001.jpg', 'i', 2),
(676, 'Um DVD Qualquer', '', 'capas/00000000001.jpg', 'i', 2),
(677, 'Um DVD Qualquer', '', 'capas/00000000001.jpg', 'i', 2),
(678, 'Um DVD Qualquer', '', 'capas/00000000001.jpg', 'i', 2),
(679, 'Um DVD Qualquer', '', 'capas/00000000001.jpg', 'i', 2),
(680, 'Um DVD Qualquer', '', 'capas/00000000001.jpg', 'i', 2),
(681, 'Um DVD Qualquer', '', 'capas/00000000001.jpg', 'i', 2),
(682, 'Um DVD Qualquer', '', 'capas/00000000001.jpg', 'i', 2),
(683, 'Um DVD Qualquer', '', 'capas/00000000001.jpg', 'i', 2),
(684, 'Um DVD Qualquer', '', 'capas/00000000001.jpg', 'i', 2),
(685, 'Um DVD Qualquer', '', 'capas/00000000001.jpg', 'i', 2),
(686, 'Um DVD Qualquer', '', 'capas/00000000001.jpg', 'i', 2),
(687, 'Um DVD Qualquer', '', 'capas/00000000001.jpg', 'i', 2),
(688, 'Um DVD Qualquer', '', 'capas/00000000001.jpg', 'i', 2),
(689, 'Um DVD Qualquer', '', 'capas/00000000001.jpg', 'i', 2),
(690, 'Um DVD Qualquer', '', 'capas/00000000001.jpg', 'i', 2),
(691, 'Um DVD Qualquer', '', 'capas/00000000001.jpg', 'i', 2),
(692, 'Um DVD Qualquer', '', 'capas/00000000001.jpg', 'i', 2),
(693, 'Um DVD Qualquer', '', 'capas/00000000001.jpg', 'i', 2),
(694, 'Um DVD Qualquer', '', 'capas/00000000001.jpg', 'i', 2),
(695, 'Um DVD Qualquer', '', 'capas/00000000001.jpg', 'i', 2),
(696, 'Um DVD Qualquer', '', 'capas/00000000001.jpg', 'i', 2),
(697, 'Um DVD Qualquer', '', 'capas/00000000001.jpg', 'i', 2),
(698, 'Um DVD Qualquer', '', 'capas/00000000001.jpg', 'i', 2),
(699, 'Um DVD Qualquer', '', 'capas/00000000001.jpg', 'i', 2),
(700, 'Um DVD Qualquer', '', 'capas/00000000001.jpg', 'i', 2),
(701, 'Um DVD Qualquer', '', 'capas/00000000001.jpg', 'i', 2),
(702, 'Um DVD Qualquer', '', 'capas/00000000001.jpg', 'i', 2),
(703, 'Um DVD Qualquer', '', 'capas/00000000001.jpg', 'i', 2),
(704, 'Um DVD Qualquer', '', 'capas/00000000001.jpg', 'i', 2),
(705, 'Um DVD Qualquer', '', 'capas/00000000001.jpg', 'i', 2),
(706, 'Um DVD Qualquer', '', 'capas/00000000001.jpg', 'i', 2),
(707, 'Um DVD Qualquer', '', 'capas/00000000001.jpg', 'i', 2),
(708, 'Um DVD Qualquer', '', 'capas/00000000001.jpg', 'i', 2),
(709, 'Um DVD Qualquer', '', 'capas/00000000001.jpg', 'i', 2),
(710, 'Um DVD Qualquer', '', 'capas/00000000001.jpg', 'i', 2),
(711, 'Um DVD Qualquer', '', 'capas/00000000001.jpg', 'i', 2),
(712, 'Um DVD Qualquer', '', 'capas/00000000001.jpg', 'i', 2),
(713, 'Um DVD Qualquer', '', 'capas/00000000001.jpg', 'i', 2),
(714, 'Um DVD Qualquer', '', 'capas/00000000001.jpg', 'i', 2),
(715, 'Um DVD Qualquer', '', 'capas/00000000001.jpg', 'i', 2),
(716, 'Um DVD Qualquer', '', 'capas/00000000001.jpg', 'i', 2),
(717, 'Um DVD Qualquer', '', 'capas/00000000001.jpg', 'i', 2),
(718, 'Um DVD Qualquer', '', 'capas/00000000001.jpg', 'i', 2),
(719, 'Um DVD Qualquer', '', 'capas/00000000001.jpg', 'i', 2),
(720, 'Um DVD Qualquer', '', 'capas/00000000001.jpg', 'i', 2),
(721, 'Um DVD Qualquer', '', 'capas/00000000001.jpg', 'i', 2),
(722, 'Um DVD Qualquer', '', 'capas/00000000001.jpg', 'i', 2),
(723, 'Um DVD Qualquer', '', 'capas/00000000001.jpg', 'i', 2),
(724, 'Um DVD Qualquer', '', 'capas/00000000001.jpg', 'i', 2),
(725, 'Um DVD Qualquer', '', 'capas/00000000001.jpg', 'i', 2),
(726, 'Um DVD Qualquer', '', 'capas/00000000001.jpg', 'i', 2),
(727, 'Um DVD Qualquer', '', 'capas/00000000001.jpg', 'i', 2),
(728, 'Um DVD Qualquer', '', 'capas/00000000001.jpg', 'i', 2),
(729, 'Um DVD Qualquer', '', 'capas/00000000001.jpg', 'i', 2),
(730, 'Um DVD Qualquer', '', 'capas/00000000001.jpg', 'i', 2),
(731, 'Um DVD Qualquer', '', 'capas/00000000001.jpg', 'i', 2),
(732, 'Um DVD Qualquer', '', 'capas/00000000001.jpg', 'i', 2),
(733, 'Um DVD Qualquer', '', 'capas/00000000001.jpg', 'i', 2),
(734, 'Um DVD Qualquer', '', 'capas/00000000001.jpg', 'i', 2),
(735, 'Um DVD Qualquer', '', 'capas/00000000001.jpg', 'i', 2),
(736, 'Um DVD Qualquer', '', 'capas/00000000001.jpg', 'i', 2),
(737, 'Um DVD Qualquer', '', 'capas/00000000001.jpg', 'i', 2),
(738, 'Um DVD Qualquer', '', 'capas/00000000001.jpg', 'i', 2),
(739, 'Um DVD Qualquer', '', 'capas/00000000001.jpg', 'i', 2),
(740, 'Um DVD Qualquer', '', 'capas/00000000001.jpg', 'i', 2),
(741, 'Um DVD Qualquer', '', 'capas/00000000001.jpg', 'i', 2),
(742, 'Um DVD Qualquer', '', 'capas/00000000001.jpg', 'i', 2),
(743, 'Um DVD Qualquer', '', 'capas/00000000001.jpg', 'i', 2),
(744, 'Um DVD Qualquer', '', 'capas/00000000001.jpg', 'i', 2),
(745, 'Um DVD Qualquer', '', 'capas/00000000001.jpg', 'i', 2),
(746, 'Um DVD Qualquer', '', 'capas/00000000001.jpg', 'i', 2),
(747, 'Um DVD Qualquer', '', 'capas/00000000001.jpg', 'i', 2),
(748, 'Um DVD Qualquer', '', 'capas/00000000001.jpg', 'i', 2),
(749, 'Um DVD Qualquer', '', 'capas/00000000001.jpg', 'i', 2),
(750, 'Um DVD Qualquer', '', 'capas/00000000001.jpg', 'i', 2),
(751, 'Um DVD Qualquer', '', 'capas/00000000001.jpg', 'i', 2),
(752, 'Um DVD Qualquer', '', 'capas/00000000001.jpg', 'i', 2),
(753, 'Um DVD Qualquer', '', 'capas/00000000001.jpg', 'i', 2),
(754, 'Um DVD Qualquer', '', 'capas/00000000001.jpg', 'i', 2),
(755, 'Um DVD Qualquer', '', 'capas/00000000001.jpg', 'i', 2),
(756, 'Um DVD Qualquer', '', 'capas/00000000001.jpg', 'i', 2),
(757, 'Um DVD Qualquer', '', 'capas/00000000001.jpg', 'i', 2),
(758, 'Um DVD Qualquer', '', 'capas/00000000001.jpg', 'i', 2),
(759, 'Um DVD Qualquer', '', 'capas/00000000001.jpg', 'i', 2),
(760, 'Um DVD Qualquer', '', 'capas/00000000001.jpg', 'i', 2),
(761, 'Um DVD Qualquer', '', 'capas/00000000001.jpg', 'i', 2),
(762, 'Um DVD Qualquer', '', 'capas/00000000001.jpg', 'i', 2),
(763, 'Um DVD Qualquer', '', 'capas/00000000001.jpg', 'i', 2),
(764, 'Um DVD Qualquer', '', 'capas/00000000001.jpg', 'i', 2),
(765, 'Um DVD Qualquer', '', 'capas/00000000001.jpg', 'i', 2),
(766, 'Um DVD Qualquer', '', 'capas/00000000001.jpg', 'i', 2),
(767, 'Um DVD Qualquer', '', 'capas/00000000001.jpg', 'i', 2),
(768, 'Um DVD Qualquer', '', 'capas/00000000001.jpg', 'i', 2),
(769, 'Um DVD Qualquer', '', 'capas/00000000001.jpg', 'i', 2),
(770, 'Um DVD Qualquer', '', 'capas/00000000001.jpg', 'i', 2),
(771, 'Um DVD Qualquer', '', 'capas/00000000001.jpg', 'i', 2),
(772, 'Um DVD Qualquer', '', 'capas/00000000001.jpg', 'i', 2),
(773, 'Um DVD Qualquer', '', 'capas/00000000001.jpg', 'i', 2),
(774, 'Um DVD Qualquer', '', 'capas/00000000001.jpg', 'i', 2),
(775, 'Um DVD Qualquer', '', 'capas/00000000001.jpg', 'i', 2),
(776, 'Um DVD Qualquer', '', 'capas/00000000001.jpg', 'i', 2),
(777, 'Um DVD Qualquer', '', 'capas/00000000001.jpg', 'i', 2),
(778, 'Um DVD Qualquer', '', 'capas/00000000001.jpg', 'i', 2),
(779, 'Um DVD Qualquer', '', 'capas/00000000001.jpg', 'i', 2),
(780, 'Um DVD Qualquer', '', 'capas/00000000001.jpg', 'i', 2),
(781, 'Um DVD Qualquer', '', 'capas/00000000001.jpg', 'i', 2),
(782, 'Um DVD Qualquer', '', 'capas/00000000001.jpg', 'i', 2),
(783, 'Um DVD Qualquer', '', 'capas/00000000001.jpg', 'i', 2),
(784, 'Um DVD Qualquer', '', 'capas/00000000001.jpg', 'i', 2),
(785, 'Um DVD Qualquer', '', 'capas/00000000001.jpg', 'i', 2),
(786, 'Um DVD Qualquer', '', 'capas/00000000001.jpg', 'i', 2),
(787, 'Um DVD Qualquer', '', 'capas/00000000001.jpg', 'i', 2),
(788, 'Um DVD Qualquer', '', 'capas/00000000001.jpg', 'i', 2),
(789, 'Um DVD Qualquer', '', 'capas/00000000001.jpg', 'i', 2),
(790, 'Um DVD Qualquer', '', 'capas/00000000001.jpg', 'i', 2),
(791, 'Um DVD Qualquer', '', 'capas/00000000001.jpg', 'i', 2),
(792, 'Um DVD Qualquer', '', 'capas/00000000001.jpg', 'i', 2),
(793, 'Um DVD Qualquer', '', 'capas/00000000001.jpg', 'i', 2),
(794, 'Um DVD Qualquer', '', 'capas/00000000001.jpg', 'i', 2),
(795, 'Um DVD Qualquer', '', 'capas/00000000001.jpg', 'i', 2),
(796, 'Um DVD Qualquer', '', 'capas/00000000001.jpg', 'i', 2),
(797, 'Um DVD Qualquer', '', 'capas/00000000001.jpg', 'i', 2),
(798, 'Um DVD Qualquer', '', 'capas/00000000001.jpg', 'i', 2),
(799, 'Um DVD Qualquer', '', 'capas/00000000001.jpg', 'i', 2),
(800, 'Um DVD Qualquer', '', 'capas/00000000001.jpg', 'i', 2),
(801, 'Um DVD Qualquer', '', 'capas/00000000001.jpg', 'i', 2),
(802, 'Um DVD Qualquer', '', 'capas/00000000001.jpg', 'i', 2),
(803, 'Um DVD Qualquer', '', 'capas/00000000001.jpg', 'i', 2),
(804, 'Um DVD Qualquer', '', 'capas/00000000001.jpg', 'i', 2),
(805, 'Um DVD Qualquer', '', 'capas/00000000001.jpg', 'i', 2),
(806, 'Um DVD Qualquer', '', 'capas/00000000001.jpg', 'i', 2),
(807, 'Um DVD Qualquer', '', 'capas/00000000001.jpg', 'i', 2),
(808, 'Um DVD Qualquer', '', 'capas/00000000001.jpg', 'i', 2),
(809, 'Um DVD Qualquer', '', 'capas/00000000001.jpg', 'i', 2),
(810, 'Um DVD Qualquer', '', 'capas/00000000001.jpg', 'i', 2),
(811, 'Um DVD Qualquer', '', 'capas/00000000001.jpg', 'i', 2),
(812, 'Um DVD Qualquer', '', 'capas/00000000001.jpg', 'i', 2),
(813, 'Um DVD Qualquer', '', 'capas/00000000001.jpg', 'i', 2),
(814, 'Um DVD Qualquer', '', 'capas/00000000001.jpg', 'i', 2),
(815, 'Um DVD Qualquer', '', 'capas/00000000001.jpg', 'i', 2),
(816, 'Um DVD Qualquer', '', 'capas/00000000001.jpg', 'i', 2),
(817, 'Um DVD Qualquer', '', 'capas/00000000001.jpg', 'i', 2),
(818, 'Um DVD Qualquer', '', 'capas/00000000001.jpg', 'i', 2),
(819, 'Um DVD Qualquer', '', 'capas/00000000001.jpg', 'i', 2);
INSERT INTO `titulos` (`id_titulo`, `nome_titulo`, `info_titulo`, `img_titulo`, `ordem_capa_titulo`, `id_tipo_media`) VALUES
(820, 'Um DVD Qualquer', '', 'capas/00000000001.jpg', 'i', 2),
(821, 'Um DVD Qualquer', '', 'capas/00000000001.jpg', 'i', 2),
(822, 'Um DVD Qualquer', '', 'capas/00000000001.jpg', 'i', 2),
(823, 'Um DVD Qualquer', '', 'capas/00000000001.jpg', 'i', 2),
(824, 'Um DVD Qualquer', '', 'capas/00000000001.jpg', 'i', 2),
(825, 'Um DVD Qualquer', '', 'capas/00000000001.jpg', 'i', 2),
(826, 'Um DVD Qualquer', '', 'capas/00000000001.jpg', 'i', 2),
(827, 'Um DVD Qualquer', '', 'capas/00000000001.jpg', 'i', 2),
(828, 'Um DVD Qualquer', '', 'capas/00000000001.jpg', 'i', 2),
(829, 'Um DVD Qualquer', '', 'capas/00000000001.jpg', 'i', 2),
(830, 'Um DVD Qualquer', '', 'capas/00000000001.jpg', 'i', 2),
(831, 'Um DVD Qualquer', '', 'capas/00000000001.jpg', 'i', 2),
(832, 'Um DVD Qualquer', '', 'capas/00000000001.jpg', 'i', 2),
(833, 'Um DVD Qualquer', '', 'capas/00000000001.jpg', 'i', 2),
(834, 'Um DVD Qualquer', '', 'capas/00000000001.jpg', 'i', 2),
(835, 'Um DVD Qualquer', '', 'capas/00000000001.jpg', 'i', 2),
(836, 'Um DVD Qualquer', '', 'capas/00000000001.jpg', 'i', 2),
(837, 'Um DVD Qualquer', '', 'capas/00000000001.jpg', 'i', 2),
(838, 'Um DVD Qualquer', '', 'capas/00000000001.jpg', 'i', 2),
(839, 'Um DVD Qualquer', '', 'capas/00000000001.jpg', 'i', 2),
(840, 'Um DVD Qualquer', '', 'capas/00000000001.jpg', 'i', 2),
(841, 'Um DVD Qualquer', '', 'capas/00000000001.jpg', 'i', 1),
(842, 'Um DVD Qualquer', '', 'capas/00000000001.jpg', 'i', 1),
(843, 'Um DVD Qualquer', '', 'capas/00000000001.jpg', 'i', 1),
(844, 'Um DVD Qualquer', '', 'capas/00000000001.jpg', 'i', 1),
(845, 'Um DVD Qualquer', '', 'capas/00000000001.jpg', 'i', 1),
(846, 'Um DVD Qualquer', '', 'capas/00000000001.jpg', 'i', 1),
(847, 'Um DVD Qualquer', '', 'capas/00000000001.jpg', 'i', 1),
(848, 'Um DVD Qualquer', '', 'capas/00000000001.jpg', 'i', 1),
(849, 'Um DVD Qualquer', '', 'capas/00000000001.jpg', 'i', 1),
(850, 'Um DVD Qualquer', '', 'capas/00000000001.jpg', 'i', 1),
(851, 'Um DVD Qualquer', '', 'capas/00000000001.jpg', 'i', 1),
(852, 'Um DVD Qualquer', '', 'capas/00000000001.jpg', 'i', 1),
(853, 'Um DVD Qualquer', '', 'capas/00000000001.jpg', 'i', 1),
(854, 'Um DVD Qualquer', '', 'capas/00000000001.jpg', 'i', 1),
(855, 'Um DVD Qualquer', '', 'capas/00000000001.jpg', 'i', 1),
(856, 'Um DVD Qualquer', '', 'capas/00000000001.jpg', 'i', 1),
(857, 'Um DVD Qualquer', '', 'capas/00000000001.jpg', 'i', 1),
(858, 'Um DVD Qualquer', '', 'capas/00000000001.jpg', 'i', 1),
(859, 'Um DVD Qualquer', '', 'capas/00000000001.jpg', 'i', 1),
(860, 'Um DVD Qualquer', '', 'capas/00000000001.jpg', 'i', 1),
(861, 'Um DVD Qualquer', '', 'capas/00000000001.jpg', 'i', 1),
(862, 'Um DVD Qualquer', '', 'capas/00000000001.jpg', 'i', 1),
(863, 'Um DVD Qualquer', '', 'capas/00000000001.jpg', 'i', 1),
(864, 'Um DVD Qualquer', '', 'capas/00000000001.jpg', 'i', 1),
(865, 'Um DVD Qualquer', '', 'capas/00000000001.jpg', 'i', 1),
(866, 'Um DVD Qualquer', '', 'capas/00000000001.jpg', 'i', 1),
(867, 'Um DVD Qualquer', '', 'capas/00000000001.jpg', 'i', 1),
(868, 'Um DVD Qualquer', '', 'capas/00000000001.jpg', 'i', 1),
(869, 'Um DVD Qualquer', '', 'capas/00000000001.jpg', 'i', 1),
(870, 'Um DVD Qualquer', '', 'capas/00000000001.jpg', 'i', 1),
(871, 'Um DVD Qualquer', '', 'capas/00000000001.jpg', 'i', 1),
(872, 'Um DVD Qualquer', '', 'capas/00000000001.jpg', 'i', 1),
(873, 'Um DVD Qualquer', '', 'capas/00000000001.jpg', 'i', 1),
(874, 'Um DVD Qualquer', '', 'capas/00000000001.jpg', 'i', 1),
(875, 'Um DVD Qualquer', '', 'capas/00000000001.jpg', 'i', 1),
(876, 'Um DVD Qualquer', '', 'capas/00000000001.jpg', 'i', 1),
(877, 'Um DVD Qualquer', '', 'capas/00000000001.jpg', 'i', 1),
(878, 'Um DVD Qualquer', '', 'capas/00000000001.jpg', 'i', 1),
(879, 'Um DVD Qualquer', '', 'capas/00000000001.jpg', 'i', 1),
(880, 'Um DVD Qualquer', '', 'capas/00000000001.jpg', 'i', 1),
(881, 'Um DVD Qualquer', '', 'capas/00000000001.jpg', 'i', 1),
(882, 'Um DVD Qualquer', '', 'capas/00000000001.jpg', 'i', 1),
(883, 'Um DVD Qualquer', '', 'capas/00000000001.jpg', 'i', 1),
(884, 'Um DVD Qualquer', '', 'capas/00000000001.jpg', 'i', 1),
(885, 'Um DVD Qualquer', '', 'capas/00000000001.jpg', 'i', 1),
(886, 'Um DVD Qualquer', '', 'capas/00000000001.jpg', 'i', 1),
(887, 'Um DVD Qualquer', '', 'capas/00000000001.jpg', 'i', 1),
(888, 'Um DVD Qualquer', '', 'capas/00000000001.jpg', 'i', 1),
(889, 'Um DVD Qualquer', '', 'capas/00000000001.jpg', 'i', 1),
(890, 'Um DVD Qualquer', '', 'capas/00000000001.jpg', 'i', 1),
(891, 'Um DVD Qualquer', '', 'capas/00000000001.jpg', 'i', 1),
(892, 'Um DVD Qualquer', '', 'capas/00000000001.jpg', 'i', 1),
(893, 'Um DVD Qualquer', '', 'capas/00000000001.jpg', 'i', 1),
(894, 'Um DVD Qualquer', '', 'capas/00000000001.jpg', 'i', 1),
(895, 'Um DVD Qualquer', '', 'capas/00000000001.jpg', 'i', 1),
(896, 'Um DVD Qualquer', '', 'capas/00000000001.jpg', 'i', 1),
(897, 'Um DVD Qualquer', '', 'capas/00000000001.jpg', 'i', 1),
(898, 'Um DVD Qualquer', '', 'capas/00000000001.jpg', 'i', 1),
(899, 'Um DVD Qualquer', '', 'capas/00000000001.jpg', 'i', 1),
(900, 'Um DVD Qualquer', '', 'capas/00000000001.jpg', 'i', 1),
(901, 'Um DVD Qualquer', '', 'capas/00000000001.jpg', 'i', 1),
(902, 'Um DVD Qualquer', '', 'capas/00000000001.jpg', 'i', 1),
(903, 'Um DVD Qualquer', '', 'capas/00000000001.jpg', 'i', 1),
(904, 'Um DVD Qualquer', '', 'capas/00000000001.jpg', 'i', 1),
(905, 'Um DVD Qualquer', '', 'capas/00000000001.jpg', 'i', 1),
(906, 'Um DVD Qualquer', '', 'capas/00000000001.jpg', 'i', 1),
(907, 'Um DVD Qualquer', '', 'capas/00000000001.jpg', 'i', 1),
(908, 'Um DVD Qualquer', '', 'capas/00000000001.jpg', 'i', 1),
(909, 'Um DVD Qualquer', '', 'capas/00000000001.jpg', 'i', 1),
(910, 'Um DVD Qualquer', '', 'capas/00000000001.jpg', 'i', 1),
(911, 'Um DVD Qualquer', '', 'capas/00000000001.jpg', 'i', 1),
(912, 'Um DVD Qualquer', '', 'capas/00000000001.jpg', 'i', 1),
(913, 'Um DVD Qualquer', '', 'capas/00000000001.jpg', 'i', 1),
(914, 'Um DVD Qualquer', '', 'capas/00000000001.jpg', 'i', 1),
(915, 'Um DVD Qualquer', '', 'capas/00000000001.jpg', 'i', 1),
(916, 'Um DVD Qualquer', '', 'capas/00000000001.jpg', 'i', 1),
(917, 'Um DVD Qualquer', '', 'capas/00000000001.jpg', 'i', 1),
(918, 'Um DVD Qualquer', '', 'capas/00000000001.jpg', 'i', 1),
(919, 'Um DVD Qualquer', '', 'capas/00000000001.jpg', 'i', 1),
(920, 'Um DVD Qualquer', '', 'capas/00000000001.jpg', 'i', 1),
(921, 'Um DVD Qualquer', '', 'capas/00000000001.jpg', 'i', 1),
(922, 'Um DVD Qualquer', '', 'capas/00000000001.jpg', 'i', 1),
(923, 'Um DVD Qualquer', '', 'capas/00000000001.jpg', 'i', 1),
(924, 'Um DVD Qualquer', '', 'capas/00000000001.jpg', 'i', 1),
(925, 'Um DVD Qualquer', '', 'capas/00000000001.jpg', 'i', 1),
(926, 'Um DVD Qualquer', '', 'capas/00000000001.jpg', 'i', 1),
(927, 'Um DVD Qualquer', '', 'capas/00000000001.jpg', 'i', 1),
(928, 'Um DVD Qualquer', '', 'capas/00000000001.jpg', 'i', 1),
(929, 'Um DVD Qualquer', '', 'capas/00000000001.jpg', 'i', 1),
(930, 'Um DVD Qualquer', '', 'capas/00000000001.jpg', 'i', 1),
(931, 'Um DVD Qualquer', '', 'capas/00000000001.jpg', 'i', 1),
(932, 'Um DVD Qualquer', '', 'capas/00000000001.jpg', 'i', 1),
(933, 'Um DVD Qualquer', '', 'capas/00000000001.jpg', 'i', 1),
(934, 'Um DVD Qualquer', '', 'capas/00000000001.jpg', 'i', 1),
(935, 'Um DVD Qualquer', '', 'capas/00000000001.jpg', 'i', 1),
(936, 'Um DVD Qualquer', '', 'capas/00000000001.jpg', 'i', 1),
(937, 'Um DVD Qualquer', '', 'capas/00000000001.jpg', 'i', 1),
(938, 'Um DVD Qualquer', '', 'capas/00000000001.jpg', 'i', 1),
(939, 'Um DVD Qualquer', '', 'capas/00000000001.jpg', 'i', 1),
(940, 'Um DVD Qualquer', '', 'capas/00000000001.jpg', 'i', 1),
(941, 'Um DVD Qualquer', '', 'capas/00000000001.jpg', 'i', 2),
(942, 'Um DVD Qualquer', '', 'capas/00000000001.jpg', 'i', 2),
(943, 'Um DVD Qualquer', '', 'capas/00000000001.jpg', 'i', 4),
(944, 'Um DVD Qualquer', '', 'capas/00000000001.jpg', 'i', 4),
(945, 'Um DVD Qualquer', '', 'capas/00000000001.jpg', 'i', 4),
(946, 'Um DVD Qualquer', '', 'capas/00000000001.jpg', 'i', 4),
(947, 'Um DVD Qualquer', '', 'capas/00000000001.jpg', 'i', 4),
(948, 'Um DVD Qualquer', '', 'capas/00000000001.jpg', 'i', 4),
(949, 'Um DVD Qualquer', '', 'capas/00000000001.jpg', 'i', 4),
(950, 'Um DVD Qualquer', '', 'capas/00000000001.jpg', 'i', 4),
(951, 'Um DVD Qualquer', '', 'capas/00000000001.jpg', 'i', 4),
(952, 'Um DVD Qualquer', '', 'capas/00000000001.jpg', 'i', 4),
(953, 'Um DVD Qualquer', '', 'capas/00000000001.jpg', 'i', 4),
(954, 'Um DVD Qualquer', '', 'capas/00000000001.jpg', 'i', 4),
(955, 'Um DVD Qualquer', '', 'capas/00000000001.jpg', 'i', 4),
(956, 'Um DVD Qualquer', '', 'capas/00000000001.jpg', 'i', 4),
(957, 'Um DVD Qualquer', '', 'capas/00000000001.jpg', 'i', 4),
(958, 'Um DVD Qualquer', '', 'capas/00000000001.jpg', 'i', 4),
(959, 'Um DVD Qualquer', '', 'capas/00000000001.jpg', 'i', 4),
(960, 'Um DVD Qualquer', '', 'capas/00000000001.jpg', 'i', 4),
(961, 'Um DVD Qualquer', '', 'capas/00000000001.jpg', 'i', 4),
(962, 'Um DVD Qualquer', '', 'capas/00000000001.jpg', 'i', 4),
(963, 'Um DVD Qualquer', '', 'capas/00000000001.jpg', 'i', 4),
(964, 'Um DVD Qualquer', '', 'capas/00000000001.jpg', 'i', 4),
(965, 'Um DVD Qualquer', '', 'capas/00000000001.jpg', 'i', 4),
(966, 'Um DVD Qualquer', '', 'capas/00000000001.jpg', 'i', 4),
(967, 'Um DVD Qualquer', '', 'capas/00000000001.jpg', 'i', 4),
(968, 'Um DVD Qualquer', '', 'capas/00000000001.jpg', 'i', 4),
(969, 'Um DVD Qualquer', '', 'capas/00000000001.jpg', 'i', 4),
(970, 'Um DVD Qualquer', '', 'capas/00000000001.jpg', 'i', 4),
(971, 'Um DVD Qualquer', '', 'capas/00000000001.jpg', 'i', 4),
(972, 'Um DVD Qualquer', '', 'capas/00000000001.jpg', 'i', 4),
(973, 'Um DVD Qualquer', '', 'capas/00000000001.jpg', 'i', 4),
(974, 'Um DVD Qualquer', '', 'capas/00000000001.jpg', 'i', 4),
(975, 'Um DVD Qualquer', '', 'capas/00000000001.jpg', 'i', 4),
(976, 'Um DVD Qualquer', '', 'capas/00000000001.jpg', 'i', 4),
(977, 'Um DVD Qualquer', '', 'capas/00000000001.jpg', 'i', 4),
(978, 'Um DVD Qualquer', '', 'capas/00000000001.jpg', 'i', 4),
(979, 'Um DVD Qualquer', '', 'capas/00000000001.jpg', 'i', 4),
(980, 'Um DVD Qualquer', '', 'capas/00000000001.jpg', 'i', 4);

/*!40101 SET CHARACTER_SET_CLIENT=@OLD_CHARACTER_SET_CLIENT */;
/*!40101 SET CHARACTER_SET_RESULTS=@OLD_CHARACTER_SET_RESULTS */;
/*!40101 SET COLLATION_CONNECTION=@OLD_COLLATION_CONNECTION */;
